strand,frame,orf,pos_start,pos_end,seq_len,orf_len,orf_nt,orf_aa
1,1,1,838,972,20138,135,ATGGCATATAACCACCTTTATTCTGACACGTTAGGTATAGAGCATGGTTTTCTCTTAATTCATACTTTTGATCAGTTGTCTGACTGTACAGCAATAACCCATCATCACGGGCCTCCATTAATTCAAAACGATGAT,MAYNHLYSDTLGIEHGFLLIHTFDQLSDCTAITHHHGPPLIQNDD
1,1,2,1711,1755,20138,45,ATGATTGCCAAAATTGTTCTTCAGCCATTTTTTGACGCGTTTTTG,MIAKIVLQPFFDAFL
1,1,3,1888,1944,20138,57,ATGATGGGCCTGCTGGACTTGCGCATCAGTCAGGTAATTTGCTTTATTCAATTCCTC,MMGLLDLRISQVICFIQFL
1,1,4,2023,2079,20138,57,ATGGATACTATTAGCATGCTTTCGCTGTTGAGAAAGATTGGGCAGCATGATCAATAC,MDTISMLSLLRKIGQHDQY
1,1,5,4447,4635,20138,189,ATGCTACTTGGATCAGTGAAGATTTGGAACTTTTCTTCAGTTGCCTTCATATCTTCAGCTCCAGCATCCAAAGCATCCATTAACATATCATCTTCGCTCTTATCAAGACCATCACGAAGAATTTCGATTAATCCTTTACGGTCGAACATGTATGAAACTGATCCGCTAGCACCTAATGAACCGCCAGAG,MLLGSVKIWNFSSVAFISSAPASKASINISSSLLSRPSRRISINPLRSNMYETDPLAPNEPPE
1,1,6,4792,4845,20138,54,ATGTTTTTCTTAGGCATGTTGGCCGCGTGTGCCTTATCGATTACAAGCCGTAAT,MFFLGMLAACALSITSRN
1,1,7,4960,5010,20138,51,ATGTTATGCCATTTTGAATGTCCTGACATTACTGACTCCTCTTTTCTTTAT,MLCHFECPDITDSSFLY
1,1,8,5776,5955,20138,180,ATGTTAGCCCGAGTAAAGTCACACAGATTACACCCCATAAGCAGTATAGAAAATGACGCTTTTTCGGTGTTTCTTCTACTGGTTTTTCAACTTTTTCTTGTCGTTGTGCTCGCAATTCACTTCGGGTTGTCACAACAAATCACAACCTATTTACGAGTTGATTGGCGTTCAATAAAGCCA,MLARVKSHRLHPISSIENDAFSVFLLLVFQLFLVVVLAIHFGLSQQITTYLRVDWRSIKP
1,1,9,6643,6786,20138,144,ATGATATTGTACTTATACATTGAAGCAACATCATCAATCCCCAATGCTAATTCCGCAAAGTATGGATCAGTTATATTAGGAATAACTACCCCGACAGTCGTTGTCTTTTTAGAAGCTAATCCCCGTGCAACTGCATTAGGACGA,MILYLYIEATSSIPNANSAKYGSVILGITTPTVVVFLEANPRATALGR
1,1,10,7165,8190,20138,1026,ATGACCATTAATTACCTAACTGGTTTCTACAGTGATCCAGTAGAACGGGTATTAGCACTAGCCCTTTTTGCCGATAGTGAGCCATTTCTGTTTGCCCCAGCGCTTGAAGTAGAAGCAATAAAGGATACTGGTTGGAAATATCCGGTATATGGGTACTTAGATCACGAAAAACCTTTTGAGCTTATTGCTGAACACATCAAAAATTACGCTGGTTCACCAATTAACTGGGGAATTGAGGGAGAATCACTAACTGTTGACCGTCTTCGTGCTTTAGAAAAAGTCCTCCCTAATGCCCATTTTAATACTGATCTCTCTCCTTTGATAGCAAAAATGCGAATGATTAAAAGCGATGATGAGATCGCTAAGTTAAATGAAGCCGGAAAATGGGCTGATTTCGCTTTTAAAGTAGGATTTGAAGCAATTCAAATTGGTAAAACAGAACAAGAAGTTGCTGCCGATTTAGAATACGCTCTTAAGCAACACGGGATTAATAAAATGAGTTTTGATACTCTAGTTCAAGCTGGTCCTCATGCTGCCGAGCCTCATGGAGCTACCTCCAGTAATAAGATCCAAAATAATCAGCTCGTCCTCTTTGACTTAGGAACAATTGTTGATGGCTATATTAGTGATGCTTCCCGAACAGTGGCTGTAGGAAAGTTAAATGACAAACAAAAAGACATCTACAAAGTATGTTTAGAGGCTCAATTGGCCGCTCAAAATGCTGCGAAGCCGGGAATGACTGCTGAAGAATTAGATAAGATCGCTCGTGATATCATTACTGCAGCCGGTTATGGCGAATACTTTATTCACCGGCTTGGGCACGGAATGGGCAGCAGTGAACACGAATTTCCATCAATCATGGAAGGAAATCAGCTAGTTCTTGAACCTGGCATGTGCTTCTCTATTGAACCAGGCATTTATATTCCAGGTTTTGCCGGCGTCCGGATTGAAGACTGTGTTCATATTACAGAAGATGGTTGCGAACCATTTACGCATACAACTAAAGAATTGCTAACTTTCCCTCAT,MTINYLTGFYSDPVERVLALALFADSEPFLFAPALEVEAIKDTGWKYPVYGYLDHEKPFELIAEHIKNYAGSPINWGIEGESLTVDRLRALEKVLPNAHFNTDLSPLIAKMRMIKSDDEIAKLNEAGKWADFAFKVGFEAIQIGKTEQEVAADLEYALKQHGINKMSFDTLVQAGPHAAEPHGATSSNKIQNNQLVLFDLGTIVDGYISDASRTVAVGKLNDKQKDIYKVCLEAQLAAQNAAKPGMTAEELDKIARDIITAAGYGEYFIHRLGHGMGSSEHEFPSIMEGNQLVLEPGMCFSIEPGIYIPGFAGVRIEDCVHITEDGCEPFTHTTKELLTFPH
1,1,11,8338,9996,20138,1659,ATGTATCAAAATTATATCACGGGACAAACAGAATTCGTACTAAATTATGACTACAATGTGCCAAAAAATCATCTGGTTCGGTTAATTGATGCATTTGTCGATTCAATTCCACAAGAGATTTTGTTAGAAGAGAATGTGGCCGTCACTGGCCGTCCACTCTCTCACCCTGCAGTGATGTTAAAAATTCTGTTGTTTGCATACTCTCGTCAAACTTATTCTGGCCGGAAAATAGAAACTTTACTAGAAGAAAACTTACCAATGCGATGGTTAGCTCGTGATCATTCATACAGTTATCATACCATCAATAACTTTCGGCGGAGTGAACATGCCAGGAACCTAATAAAACGCACCTTTGTTTACTTTACTATGGCTCTTACGGACCATGGGTTAATTCAAAATGATGCAGTCTTTATTGATGGTACTAAGGTTGAAGCAGATGCCAATAAGTATTCGTTTACTTGGCGTCGGGCGATAGAAAAGTATCACGCCAAATTGAGAGAAAAGACGGCTAATATTTATGATGAGTTAGTAGAAAAGCAAGTCATCAAAGAGATGAAACCAGAAATTATTGAATCTATCGATGGTATGGAATTAATGGCTGAAGAAGTGGAAAAAGAAGTCGCTAATCTAAACGAAGCCATTAAAAAGGAGCCGAAGATAATTAAAGGTGGCTCAGTTAGAAAACGTCGGCGGCGTTTTCTAAAGAAGCTTTGTCGTCAACTGAGAGGAGAATTAATCCCACGGGCTAAGAAATATGAATGTGTTGAGGACATTTTTCAAGGGCGAAATAGCTTTTCGAAAACAGACCACGATGCAACTTTTATGTGCATGAAAGAAGATCCGATGATGAACCGAGAACTCAAACCAGGATATAATCTTCAGATCGCCACGCATAATCAGTTTGTTCTTGATTACGCGTTATTCTCCAATCCTACGGATACTAGAACTTTAGTGCCATTCCTCAAGCAATTCCATGGTTTGGATTTCTTTACACACGTGGTAGCCGATGCTGGTTACGGTAGTGAATACAACTACACAACACTGCTGGACCAATTCGATAAGCAACCACTCATTCCATACACTACCTACCAAAAAGAGCAGAAGCGTAAGTTCAAAAATGATCCAACAAAATCTCAGAATTGGCAGTACAATGTCGAGGATGACTACTATATTGATCAATTAGGTGTACGATTTAGCTTTTATCGCTATAGTAAGCGAACAGATAAGTATGGATTTAAGCGTGATCTCAAACTCTACCGTGCCGATAAACATCAATTATCAGAAGAATTGGATCAATTAGCTAAAACACCAAGTAAGCGGCAGCGCTACATCCAGATCAATCCAACTTGGAATTATTACAAAGCAAAAGTAAAAGAGACCCTCTCAAGCGATGAAGGTAAGTCGATCTATCGTCGACGTAAGTTCGACGTAGAACCAGTTTTCGGTCGTATGAAGAGGGATTTTGGCGTACGCCGAACTCATTTACGCGGCCAACAGGCTGTGGAAAATGATGTCGGATTAACCTTAATGGCATTGAACTTAACAAAATTGGGTAAAATGATCAACCAATTAAGCCCCTTTTTAGTAAATAACAAAAAATGCGAACTACAATTTTTGATTAAATCAAAAATCATAGTTCGCATTTTCTTAGTTAGAAGC,MYQNYITGQTEFVLNYDYNVPKNHLVRLIDAFVDSIPQEILLEENVAVTGRPLSHPAVMLKILLFAYSRQTYSGRKIETLLEENLPMRWLARDHSYSYHTINNFRRSEHARNLIKRTFVYFTMALTDHGLIQNDAVFIDGTKVEADANKYSFTWRRAIEKYHAKLREKTANIYDELVEKQVIKEMKPEIIESIDGMELMAEEVEKEVANLNEAIKKEPKIIKGGSVRKRRRRFLKKLCRQLRGELIPRAKKYECVEDIFQGRNSFSKTDHDATFMCMKEDPMMNRELKPGYNLQIATHNQFVLDYALFSNPTDTRTLVPFLKQFHGLDFFTHVVADAGYGSEYNYTTLLDQFDKQPLIPYTTYQKEQKRKFKNDPTKSQNWQYNVEDDYYIDQLGVRFSFYRYSKRTDKYGFKRDLKLYRADKHQLSEELDQLAKTPSKRQRYIQINPTWNYYKAKVKETLSSDEGKSIYRRRKFDVEPVFGRMKRDFGVRRTHLRGQQAVENDVGLTLMALNLTKLGKMINQLSPFLVNNKKCELQFLIKSKIIVRIFLVRS
1,1,12,10429,10629,20138,201,ATGCGGCATATGTTGCAGCTCCACCTAATAATATCCCAGCAAGTAACTTTTTACTCATTATTTGTCATTCCTTTCTTTTGCTTCCGATGCTGTCTAAATTTGTTGAAAGCATCTAAAACAAGCGTCTTTCCTGCAAACTTAAAAATACTCCGGTCAAATTGTCGCTTCTCGCGGTGCAGCCGGGCTTTCTCGACCATTTCT,MRHMLQLHLIISQQVTFYSLFVIPFFCFRCCLNLLKASKTSVFPANLKILRSNCRFSRCSRAFSTIS
1,1,13,10861,10920,20138,60,ATGACTAATATTAGGAATGCGATTGCCGCAATTAACCCTGCCAACTGGCCAAAAGTCATC,MTNIRNAIAAINPANWPKVI
1,1,14,11062,11934,20138,873,ATGATCACTGGTGCCACTTCATTTACATCAAAACAAACGGAACAATTAAAAAAAGCTTTTACAGATTTATCCTGGCACGAAATTTCACAACAGCTTTTAAGTAAATTTCTTTTAATTATCGTTACGTTTGTCTTATTTTTAATGATTTTATGGGTAGGACGGGTTATCATTGTCCACCTTTTTCAAGAATCAAAAAAATACAATGTGCTAAAAAATAGCAACCGAATGGCAACGGTAAAAACCCTTGTCTTAAACATTTATCGTTATACTTGTTATTTTTTCTTATTGTACGCTATATTATCAGAAATTGGCGTTCCAGTGGGCACTCTGATTGCTGGAGCCGGAATTTTTAGTTTAGCATTGGGGCTTGGTGCGCAAAGCCTTGTTAGTGATATCGTGACTGGATTTTTCATCCTACTTGAGCAACAATTAGACGTTGGCGATACTGTCCAAATTGGTCAAATCAAAGGAACAGTAACCGCGCTTGGAATTCGTACTACGCAAGTTACTAGTTCCGATGGGACACTTAATTTTATTCCTAACCGTAACATTACCATTGTGCAAAATCTTTCACGAAATAATATGGTCAGCAACGTTGATATTCGGATTACTTCGAAGACCCCGCTTAACAAGGTAGAAGAAATTGTTACGCAAGTTAATAAAAAACTAGTGCCACAAACAAAAGCACTACAATTAAAACCAGTTATTGTCGGACCAGTCGTTACTCCAGACGGTGCGCTCGTTTTTCGCGTGACAATAACAGCAGTCAGTGGAAAACAATCAACTGTCGCTAGTCGCTTTTTGGCAGCATATCTTAAAGAATTACGAACAAATAATATTCCAATTGCCTGGGAGGGAGCACCTAATGAGCAT,MITGATSFTSKQTEQLKKAFTDLSWHEISQQLLSKFLLIIVTFVLFLMILWVGRVIIVHLFQESKKYNVLKNSNRMATVKTLVLNIYRYTCYFFLLYAILSEIGVPVGTLIAGAGIFSLALGLGAQSLVSDIVTGFFILLEQQLDVGDTVQIGQIKGTVTALGIRTTQVTSSDGTLNFIPNRNITIVQNLSRNNMVSNVDIRITSKTPLNKVEEIVTQVNKKLVPQTKALQLKPVIVGPVVTPDGALVFRVTITAVSGKQSTVASRFLAAYLKELRTNNIPIAWEGAPNEH
1,1,15,12970,13023,20138,54,ATGACTGATCAATTAAGAGGTGTAAATTTTCTTCGATATCAGTTGGATCTTGGA,MTDQLRGVNFLRYQLDLG
1,1,16,13204,13260,20138,57,ATGCATGATCTAAACTGTTGCTTTGATTTACTGTTGCAACTAAACTGGCAGGGATCA,MHDLNCCFDLLLQLNWQGS
1,1,17,13525,13608,20138,84,ATGAGTATGCCCATAGCACACAATGGAGGCACCTTTTTCTTGGCCGGTAAGCATCAGAGGGGTCAGAGAAAAATTGACCCGCTG,MSMPIAHNGGTFFLAGKHQRGQRKIDPL
1,1,18,15034,15117,20138,84,ATGCAATTATCATCATTTTTACATCTTGTTTTAACAAGAATTTTCCAATGCGTAATGCTAATTGCTGGATCTGTTCTTTTGTCT,MQLSSFLHLVLTRIFQCVMLIAGSVLLS
1,1,19,15127,15225,20138,99,ATGGAAAATGCCCTTGGTCACCCACAAAAATTACAGATTCGCGGGGCATTTGTTCACGAAGTACACGGGTTACAGATAGGCCGCCTAGTCCTGAATCCA,MENALGHPQKLQIRGAFVHEVHGLQIGRLVLNP
1,1,20,15508,15573,20138,66,ATGAGATGCTATATTGGATTGGTAAAGATCTCGCTCGAGTATATCCTGTTGCTACAGCCGAGGATT,MRCYIGLVKISLEYILLLQPRI
1,1,21,16714,16875,20138,162,ATGTTCGCCAGTAGTGGTGACAATGGCCCTCCTTGTGGGGTTCCTTTTTCACTCTTAGCGAAAAGCCCATGGTCTAAGACTCCGCTAGTTAGAAACTTACGAATGAGTCTTAGTATCCATGGGTCATCAATATATTGTTGGAGATACTTAATCATCAAGTCA,MFASSGDNGPPCGVPFSLLAKSPWSKTPLVRNLRMSLSIHGSSIYCWRYLIIKS
1,1,22,17866,17979,20138,114,ATGCCGAGCGCACACGAAAAAGCTGGAAGAAAACAAAAAGTTTTTCTCCAGCTTTTTTCTAATCAACATATTGTTGTAAAATTTGCTTTAATTGATCTTCACTATGGTAACCAA,MPSAHEKAGRKQKVFLQLFSNQHIVVKFALIDLHYGNQ
1,1,23,19555,19626,20138,72,ATGATTGTTCATCACCGATATCCGCAAATACATTATCAAAGATCCCAATTGTACTGCCTTCTTCTGCCGGAA,MIVHHRYPQIHYQRSQLYCLLLPE
1,2,1,179,265,20138,87,ATGATTAGCCTGAATTGCGTCTTTTCGAATTACTTTCAAAAAACTCAGCTGGATAATTTGCCGGATAATTTCTGGCTTCACATTTTG,MISLNCVFSNYFQKTQLDNLPDNFWLHIL
1,2,2,674,832,20138,159,ATGGCAATACTTATAAATAAAATAGAACCCTCTTTTTTACTTTGGCGGATAAAACTTAACAATTGCACTTGCTTTCTCTCCATCCTTCCTTGTCACTTTAATCAATACTCGTTGAGAATCAAGTTGTGTAAACGAGTATTCATGATTCTTAATGTTATC,MAILINKIEPSFLLWRIKLNNCTCFLSILPCHFNQYSLRIKLCKRVFMILNVI
1,2,3,2069,2200,20138,132,ATGATCAATACTAGTAGGCTAATAATAAATAAGACGATTGACATTTCGAGCAAGGTGAAGCCTGATTGTTTTTTCTTTAAAATTTTCATTAATAAACTCCTTGGAATGAATGATAAATTGGCAATAGGATAC,MINTSRLIINKTIDISSKVKPDCFFFKIFINKLLGMNDKLAIGY
1,2,4,2897,3013,20138,117,ATGTTTTTGTTAAATTACCATGCTTTTCTGCTAATAGTAATTGATAAAATAAATCGTCTTTTACTTCTGGCTGCAGGCTCTGGGCAAAACTTGCTCCCTTTTGCATTCGGCTGTCTA,MFLLNYHAFLLIVIDKINRLLLLAAGSGQNLLPFAFGCL
1,2,5,3509,3559,20138,51,ATGATAAACACATCTGGGCGATGCCGTAATCCCAATTTTAATAAACTTTCA,MINTSGRCRNPNFNKLS
1,2,6,3680,3736,20138,57,ATGATAGTTGTTTTACCAGCCCCCATTGGCCCGGCAAAAAGAATCAAACCTCTTTGT,MIVVLPAPIGPAKRIKPLC
1,2,7,4061,4126,20138,66,ATGTATAGGTCACTCGGTTGCTTGCGAATTATTCTTGTTAATTCTTCTTCAAAACTCAGCATATTT,MYRSLGCLRIILVNSSSKLSIF
1,2,8,5144,5209,20138,66,ATGAAATCCAGTCTGCTGAAAATCATTGGCAACCTGGGAAATAAAGGGACTTATGTCTGGTTGTCC,MKSSLLKIIGNLGNKGTYVWLS
1,2,9,5828,5947,20138,120,ATGACGCTTTTTCGGTGTTTCTTCTACTGGTTTTTCAACTTTTTCTTGTCGTTGTGCTCGCAATTCACTTCGGGTTGTCACAACAAATCACAACCTATTTACGAGTTGATTGGCGTTCAA,MTLFRCFFYWFFNFFLSLCSQFTSGCHNKSQPIYELIGVQ
1,2,10,7694,7762,20138,69,ATGCTGCCGAGCCTCATGGAGCTACCTCCAGTAATAAGATCCAAAATAATCAGCTCGTCCTCTTTGACT,MLPSLMELPPVIRSKIISSSSLT
1,2,11,7955,8038,20138,84,ATGGCGAATACTTTATTCACCGGCTTGGGCACGGAATGGGCAGCAGTGAACACGAATTTCCATCAATCATGGAAGGAAATCAGC,MANTLFTGLGTEWAAVNTNFHQSWKEIS
1,2,12,8735,8809,20138,75,ATGATGCAGTCTTTATTGATGGTACTAAGGTTGAAGCAGATGCCAATAAGTATTCGTTTACTTGGCGTCGGGCGA,MMQSLLMVLRLKQMPISIRLLGVGR
1,2,13,9092,9166,20138,75,ATGAATGTGTTGAGGACATTTTTCAAGGGCGAAATAGCTTTTCGAAAACAGACCACGATGCAACTTTTATGTGCA,MNVLRTFFKGEIAFRKQTTMQLLCA
1,2,14,9344,9517,20138,174,ATGCTGGTTACGGTAGTGAATACAACTACACAACACTGCTGGACCAATTCGATAAGCAACCACTCATTCCATACACTACCTACCAAAAAGAGCAGAAGCGTAAGTTCAAAAATGATCCAACAAAATCTCAGAATTGGCAGTACAATGTCGAGGATGACTACTATATTGATCAAT,MLVTVVNTTTQHCWTNSISNHSFHTLPTKKSRSVSSKMIQQNLRIGSTMSRMTTILIN
1,2,15,9566,9634,20138,69,ATGGATTTAAGCGTGATCTCAAACTCTACCGTGCCGATAAACATCAATTATCAGAAGAATTGGATCAAT,MDLSVISNSTVPININYQKNWIN
1,2,16,10205,10324,20138,120,ATGATTAACTACTTTATTGGCGCTATCTTTTACCTTACCCTTAACATTATTAACAGCATCCGCAGCGCCGCTCACCTTATCGTTCAAGTTAGAATCACTCATAAGATCATCAACAATATC,MINYFIGAIFYLTLNIINSIRSAAHLIVQVRITHKIINNI
1,2,17,10877,10972,20138,96,ATGCGATTGCCGCAATTAACCCTGCCAACTGGCCAAAAGTCATCTGATAATCCCTCCTTTAGTTTTCAAAATACTTATTCAATACTAAGAATATCA,MRLPQLTLPTGQKSSDNPSFSFQNTYSILRIS
1,2,18,11579,11695,20138,117,ATGGGACACTTAATTTTATTCCTAACCGTAACATTACCATTGTGCAAAATCTTTCACGAAATAATATGGTCAGCAACGTTGATATTCGGATTACTTCGAAGACCCCGCTTAACAAGG,MGHLILFLTVTLPLCKIFHEIIWSATLIFGLLRRPRLTR
1,2,19,11927,12760,20138,834,ATGAGCATTAAATTAATCGCTACTGATATGGACGGAACCTTTTTACGAGACGACCATACTTACAATCATTCTTTATTCGCAAAGGTCTTTCGCCAACTTGAACGCCATAATATCTACTTTGTCGCTGCTAGTGGATCCAGTTTTCCACGATTGCAACGTGAATTTAAAGACTACACCGCCAAGATGGGATTTATTTCGCAAAACGGATCAGTTATCCATTTAGGAAGCAAATTATTTAAATCTTTTCCTATTAATCAGGAATCTTTAGCCCGAGTTATTCATGTTCTTGACCGTTTCTATGGTCCGCAAGATATTAATCAATTAGTAATCTCTACTAGTGAAAAATCTTATGTCGATCAGGGGATGAGTGCTCATGATTTCAATATTGTGAAACTTTTTTATGAAAATGTGGAGCGTATTCCTGATATCCGGCAGATTTTCACTCAACGACCAACTGAAAATTTTACCAAGATATCGATTAATTTTGCTAACCATATCGATCTTAAAAAAGTTGCAACAACCTTAGATGGTTACTTACCGCCATCTTTAATCATGGAAAATTCAGGCTTTAATACTGACTTAATCGGTAATGCTGCTGCAACTAAACAAAACGCTCTTTCCCTTTTGCAGTCCCACTTTAATTTAAAGGCAAATGAAATTGTTACGTTTGGTGACAATGAAAATGACCTCGGGATGTTAGCGATGACGAGTCAAAGCTACGCAATGCAGAATGCACAACCAATTATTCAAATGCAAGCTGCCCACACCACCACAATTGATAATAATCATGATGGCGTCTTGCAGACTATTAACCAATTAATTAAAAATGAACGA,MSIKLIATDMDGTFLRDDHTYNHSLFAKVFRQLERHNIYFVAASGSSFPRLQREFKDYTAKMGFISQNGSVIHLGSKLFKSFPINQESLARVIHVLDRFYGPQDINQLVISTSEKSYVDQGMSAHDFNIVKLFYENVERIPDIRQIFTQRPTENFTKISINFANHIDLKKVATTLDGYLPPSLIMENSGFNTDLIGNAAATKQNALSLLQSHFNLKANEIVTFGDNENDLGMLAMTSQSYAMQNAQPIIQMQAAHTTTIDNNHDGVLQTINQLIKNER
1,2,20,12833,12907,20138,75,ATGAGAGTAACTCGACTTATGTCACAGCTACTTTCATTATTTTCCAAAAGTATGCATTGTATAATTGACTGCCTT,MRVTRLMSQLLSLFSKSMHCIIDCL
1,2,21,13547,13612,20138,66,ATGGAGGCACCTTTTTCTTGGCCGGTAAGCATCAGAGGGGTCAGAGAAAAATTGACCCGCTGTAAA,MEAPFSWPVSIRGVREKLTRCK
1,2,22,14696,14746,20138,51,ATGAGTGCATCCAAGGATCAAAGCTTCAATCGATTGATTATCAAATACTTT,MSASKDQSFNRLIIKYF
1,2,23,14795,14842,20138,48,ATGTTCAACAATTGGGACCAGTGGTTGGGCGGAAGAACTGATAACTTT,MFNNWDQWLGGRTDNF
1,2,24,14930,14986,20138,57,ATGATGTTGGGTAGCAGCCATGGCTCCTGGTTCAATTACCCCAATTACTGGAATTGG,MMLGSSHGSWFNYPNYWNW
1,2,25,15134,15202,20138,69,ATGCCCTTGGTCACCCACAAAAATTACAGATTCGCGGGGCATTTGTTCACGAAGTACACGGGTTACAGA,MPLVTHKNYRFAGHLFTKYTGYR
1,2,26,17639,17686,20138,48,ATGTCACCGGTAGCTTTACTGAAAGTAACTTCGAGTAGTGTTGGACTT,MSPVALLKVTSSSVGL
1,2,27,17813,17857,20138,45,ATGGTTCCGACTACTACGGCCCATAGCGGACTCTCACCGCCTAGC,MVPTTTAHSGLSPPS
1,2,28,17969,18016,20138,48,ATGGTAACCAATGATTTGGTCTACTACCTTGCCATCTTTCTTAACCAT,MVTNDLVYYLAIFLNH
1,2,29,18539,18727,20138,189,ATGACCGCGCAAATCAAGACGGGCCGAGGTCTTTCTTGTTTGTGTCGTTCTCACAGCAGCTCGTGGTCGCCGCTTTGCATCTTTTTCTCGTGGGAGATCTTTCTTAGCTACTTTTTCAAGATTATTCTCATCAATTTCCATTTTAAGAATCCCAATCTGAACTTCCCACTTGTGGTTTCCCCGCTTAGA,MTAQIKTGRGLSCLCRSHSSSWSPLCIFFSWEIFLSYFFKIILINFHFKNPNLNFPLVVSPLR
1,2,30,18929,19003,20138,75,ATGATGAATAATCCGGTCAGCCTTTTTCTTCGCCATCGAAACTTGATGATTAGCCTTCGAGCGTGCTTGTTCATA,MMNNPVSLFLRHRNLMISLRACLFI
1,2,31,19847,19939,20138,93,ATGTGCCCAGCGTGCCTTGGCATTAATAAAGTCAAGGTGTCCAAGAATTGCTTCATTCTGGCCAATATCATGCCGGTAAGGAGCAATCATTTG,MCPACLGINKVKVSKNCFILANIMPVRSNHL
1,3,1,1047,1229,20138,183,ATGCTAGTAGTAACTAAGCTTATATTGATAATCACTAATGAAGAAATAATTAATGCGCAAGTCGCTTCTATTAAAGTAAAGGCCCCCTTCTTCATTTTTCAACCCGACAAAGGCATCGATCGTTATTATAAACAACTACCCTTTGGACCGTTGCTTTTGCGATTAAATCACCACGGCTTAAAA,MLVVTKLILIITNEEIINAQVASIKVKAPFFIFQPDKGIDRYYKQLPFGPLLLRLNHHGLK
1,3,2,1611,1661,20138,51,ATGCGAAAAGTAATCATTTCGTTATTTTTGTCGTGGCGAATTACAACAAAT,MRKVIISLFLSWRITTN
1,3,3,1806,1949,20138,144,ATGATGGTTTCAAGAAACGTAAACCCTTCTTCTTTAAGATTCATCGCTGAATTGCCTTTCCATCAACAATTACAATTTTTTCATGATGGGCCTGCTGGACTTGCGCATCAGTCAGGTAATTTGCTTTATTCAATTCCTCTAAAC,MMVSRNVNPSSLRFIAELPFHQQLQFFHDGPAGLAHQSGNLLYSIPLN
1,3,4,1980,2033,20138,54,ATGCATCAATTTGGGTCTGAATTACAGATGTCATCGCTTTTCCATGGATACTAT,MHQFGSELQMSSLFHGYY
1,3,5,3135,3179,20138,45,ATGATTGAATTTAACCTTGTTGGTATTGACGTGCAGTATTCTCCG,MIEFNLVGIDVQYSP
1,3,6,3459,3509,20138,51,ATGCGGCTTGGACTGACATCGCCGCTGTCTGTGAATCACGGATTTCTCCAA,MRLGLTSPLSVNHGFLQ
1,3,7,4329,4403,20138,75,ATGACGGTATTGCTTTGCCTTATCTGCAGGTACCTCGGTCCGGTTTTGAGGGATCATGGTAACTTCAGCAGTATC,MTVLLCLICRYLGPVLRDHGNFSSI
1,3,8,5457,5516,20138,60,ATGTTACCAGTAATTGCTGAAGAACTGCCTGCTGGTAACATGGACGTCGACAAACCATAT,MLPVIAEELPAGNMDVDKPY
1,3,9,6549,6605,20138,57,ATGACCCATAAAAATAAGTCCATCAACCTGTTTAGCAAGCAAGTTCCGCACCACTTT,MTHKNKSINLFSKQVPHHF
1,3,10,7854,7907,20138,54,ATGTTTAGAGGCTCAATTGGCCGCTCAAAATGCTGCGAAGCCGGGAATGACTGC,MFRGSIGRSKCCEAGNDC
1,3,11,11211,11276,20138,66,ATGGGTAGGACGGGTTATCATTGTCCACCTTTTTCAAGAATCAAAAAAATACAATGTGCTAAAAAA,MGRTGYHCPPFSRIKKIQCAKK
1,3,12,12327,12449,20138,123,ATGAAAATGTGGAGCGTATTCCTGATATCCGGCAGATTTTCACTCAACGACCAACTGAAAATTTTACCAAGATATCGATTAATTTTGCTAACCATATCGATCTTAAAAAAGTTGCAACAACCT,MKMWSVFLISGRFSLNDQLKILPRYRLILLTISILKKLQQP
1,3,13,12516,12569,20138,54,ATGCTGCTGCAACTAAACAAAACGCTCTTTCCCTTTTGCAGTCCCACTTTAATT,MLLQLNKTLFPFCSPTLI
1,3,14,12579,12623,20138,45,ATGAAATTGTTACGTTTGGTGACAATGAAAATGACCTCGGGATGT,MKLLRLVTMKMTSGC
1,3,15,12657,12743,20138,87,ATGCACAACCAATTATTCAAATGCAAGCTGCCCACACCACCACAATTGATAATAATCATGATGGCGTCTTGCAGACTATTAACCAAT,MHNQLFKCKLPTPPQLIIIMMASCRLLTN
1,3,16,12753,12833,20138,81,ATGAACGATAAAAAGAGGCCTCCAACATTCGGTTTTACCGGGCGCTGGAGGTCTCTGTTGTACTGCGCTATTTGTTTTTTA,MNDKKRPPTFGFTGRWRSLLYCAICFL
1,3,17,14355,14447,20138,93,ATGTTTTTACTTCAATTCCTAGGGGAGCAAGCATCTCTTGGTATTCACGTGCTTTCCCAGCATTCTTTGTTGCAATTACGATTGTTTTCATTT,MFLLQFLGEQASLGIHVLSQHSLLQLRLFSF
1,3,18,14949,14996,20138,48,ATGGCTCCTGGTTCAATTACCCCAATTACTGGAATTGGTAATTCATTT,MAPGSITPITGIGNSF
1,3,19,15081,15272,20138,192,ATGCGTAATGCTAATTGCTGGATCTGTTCTTTTGTCTTAGTTCCATATGGAAAATGCCCTTGGTCACCCACAAAAATTACAGATTCGCGGGGCATTTGTTCACGAAGTACACGGGTTACAGATAGGCCGCCTAGTCCTGAATCCATAACCCCGATTGGTCGTTTATCCATTCTCTTCACCTCGTTAATTCAT,MRNANCWICSFVLVPYGKCPWSPTKITDSRGICSRSTRVTDRPPSPESITPIGRLSILFTSLIH
1,3,20,15378,15956,20138,579,ATGATTGTTAAAAAGGAGCGAGTGGATATGAGTCAGAAATTATATAATCAGTTAATAGCCGGTCATCAAGGACTAGGGGCTGGAACAATGCGCGACGTGATTTTACCAGCCATCCTAGGCAAAGAAACCGATGAGATGCTATATTGGATTGGTAAAGATCTCGCTCGAGTATATCCTGTTGCTACAGCCGAGGATTTAGTATATCTCACTAATCAACTTGGCTTTGGCCGTTTAGCTTTACGAAAAAAAAGCAACACTTCTCAAGTGTGGCGGTTATCAGGGGTAATTGTAAAGGAACGGATTCAAAGAGACGAAGAGGAAACCTCCTTTGGTTTAGAGTGTGGTTTTCTTGCTCAAGAAGTAGAGTTTCAACTTGGAACGGTTGCAGAGGCAAAGATCTTTGACCGTCACCGTGATTATGTTGATATTTTGATTCAAAATGATCCACAAAGTTCAGCTGATAATGAACGATCTGAGATGGTAACATTCATCACTGTTGATCGCCCTGACGAAAAAGAAGACGCCCCCAAAAAAGAAACTCGTCATTCACTACTAAAGCGACGAAAAAAAGATAAAAAA,MIVKKERVDMSQKLYNQLIAGHQGLGAGTMRDVILPAILGKETDEMLYWIGKDLARVYPVATAEDLVYLTNQLGFGRLALRKKSNTSQVWRLSGVIVKERIQRDEEETSFGLECGFLAQEVEFQLGTVAEAKIFDRHRDYVDILIQNDPQSSADNERSEMVTFITVDRPDEKEDAPKKETRHSLLKRRKKDKK
1,3,21,17505,17597,20138,93,ATGACCTCGGCTGACTTCTGGCTTACTCAACGCTACATCACTGCACCGCTTGTTTCTGTGGAAATTAAACTTATTCCTCTTGTCGGAAACGTG,MTSADFWLTQRYITAPLVSVEIKLIPLVGNV
1,3,22,17979,18212,20138,234,ATGATTTGGTCTACTACCTTGCCATCTTTCTTAACCATTAATGTAGGGATACTCATAATCCGGAATTTTTGTGCAGTTTCTGGATTTTGGTCAACATCCATCTTAAAAAATTTAATATCGGGCATCTTATCAGATAGTGCATCAACTACTGGTGATTGCATCCGACAGGGACCACACCAAGTTGCCCAAAAATCAATTAAATCGACACCAGTTGCAGTATCTTGTTCAAAGGTT,MIWSTTLPSFLTINVGILIIRNFCAVSGFWSTSILKNLISGILSDSASTTGDCIRQGPHQVAQKSIKSTPVAVSCSKV
1,3,23,19380,19523,20138,144,ATGGTTCCTTTACTGCCAATATTATCAAGAATTGCCATTGCTAAAGCAGCCCCTTCTTTGGGATCAGTCCCAGCACCAAGCTCATCTAAAAGGACTAAGCTACGACTTGTAATTTGTTCAAGAATGGCTTTTACTCCATCCATA,MVPLLPILSRIAIAKAAPSLGSVPAPSSSKRTKLRLVICSRMAFTPSI
1,3,24,19680,19724,20138,45,ATGGTTTTACCACCAGTGTTGGGTCCGGTAATAATAATCGCTTGG,MVLPPVLGPVIIIAW
1,3,25,19743,19805,20138,63,ATGTCATTTGTCACTACTCGCCGGGGATCAATCAAGGGATGGCGAGCTTTCCGTAATGAAACA,MSFVTTRRGSIKGWRAFRNET
-1,1,1,2815,4083,20138,1269,ATGAGTGTCACTATCCAAGACTTAGTCTTGGACCGCAATAACCTTAATCAGGCTTATTTGCGAGTTAAGAGAAATAAAGGGGCAGCAGGCATTGACGATATGACAGTCAATGACCTTCTGCCATATCTCAGAGAAAATAAGACGGAATTGATCGCTAGTTTGCGTGAGGGCAAGTATAAACCAGCACCAGTCAAACGGGTAGAAATTTCGAAGCCTAATGGTGGAGTAAGAAAACTCGGAATACCAACAGTGGTGGATCGAATGGTTCAACAAGCTGTGGCCCAAATTCTTACACCTATCTTTGAGCGTGTTTTCTCTGATAATAGTTTTGGCTTCCGCCCTCACCGTGGGGCTCACGACGCTATTGCAAAAGTAGTAGATCTTTATAATCAAGGTTATCGCAGAGTTGTCGACTTAGACCTAAAAGCCTATTTTGATAACGTTAATCATGACTTGATGATTAAGTATCTCCAACAATATATTGATGACCCATGGATACTAAGACTCATTCGTAAGTTTCTAACTAGCGGAGTCTTAGACCATGGGCTTTTCGCTAAGAGTGAAAAAGGAACCCCACAAGGAGGGCCATTGTCACCACTACTGGCGAACATCTATCTAAATGAGTTGGACAAAGAGTTGACTAGACGTGGTCACCACTTTGTGCGCTATGCGGATGATTGTAACATTTATGTTAAAAGTCAACGAGCCGGAGAACGAGTAATGCGAAGCATTACCCAGTTTCTCGAAAAGCGATTGAAAGTTAAAGTGAACCCAGATAAAACCAAAGTCGGCAGCCCGCTACGGTTGAAGTTTCTTGGCTTTTCGTTGGGTGTAGATCACAATGGGGCCTACGCCCGTCCAGCTAAACAATCGCAACAACGAGTAAAGAAAGCATTGAAGTTAGTAACTAAACGTAATCGTGGAATATCTCTGACAAGAATGTTTGAAGAAATTCAGCGAAAAATGCGTGGGTGGCTTCAGTACTACTCAATTGGGAAACTAACTGACTTTATTCAACGCCTTGACAAATGGTTGAGGACCCGAATAAGGCAGTATATCTGGAAGCAATGGAAGAAGTTTAAAACTAAGGTAACTAACTTACAGAAGCTGGGGCTGTCTCAGCGTGATGCATATGTCTTCGCTAGTACCCGCAAGGGCTACTGGCGAACTGCACACAGTAAGACCTTGAGCTATTCTCTAACTAATAGAAAACTGGAACAACTCGGACTTATGAATATGTCCAAGACGCTCCAGTCAATTCAATGTGAT,MSVTIQDLVLDRNNLNQAYLRVKRNKGAAGIDDMTVNDLLPYLRENKTELIASLREGKYKPAPVKRVEISKPNGGVRKLGIPTVVDRMVQQAVAQILTPIFERVFSDNSFGFRPHRGAHDAIAKVVDLYNQGYRRVVDLDLKAYFDNVNHDLMIKYLQQYIDDPWILRLIRKFLTSGVLDHGLFAKSEKGTPQGGPLSPLLANIYLNELDKELTRRGHHFVRYADDCNIYVKSQRAGERVMRSITQFLEKRLKVKVNPDKTKVGSPLRLKFLGFSLGVDHNGAYARPAKQSQQRVKKALKLVTKRNRGISLTRMFEEIQRKMRGWLQYYSIGKLTDFIQRLDKWLRTRIRQYIWKQWKKFKTKVTNLQKLGLSQRDAYVFASTRKGYWRTAHSKTLSYSLTNRKLEQLGLMNMSKTLQSIQCD
-1,1,2,4216,4305,20138,90,ATGACGAGTTTCTTTTTTGGGGGCGTCTTCTTTTTCGTCAGGGCGATCAACAGTGATGAATGTTACCATCTCAGATCGTTCATTATCAGC,MTSFFFGGVFFFVRAINSDECYHLRSFIIS
-1,1,3,5635,5694,20138,60,ATGGTTACCGAATGGCTACAGCAAGTGTGCACATATTCAATTAAACGAGGAAGGTTAAAA,MVTEWLQQVCTYSIKRGRLK
-1,1,4,5812,5907,20138,96,ATGAAAATGGTAAAACATTTGAAGAAAATGCAACAATTAAAGCCACTACAGCTGCTAATGAACTTCAATTACCTGTTATGGCGGATGATTCGGGAT,MKMVKHLKKMQQLKPLQLLMNFNYLLWRMIRD
-1,1,5,5917,6006,20138,90,ATGCCCTTGGCGGTGCTCCAGGAGTACGTTCAGCAAGGTATGCTGGTGATCATGACGATGCTGCTAATAATGCTAAACTCTTATCGGCAT,MPLAVLQEYVQQGMLVIMTMLLIMLNSYRH
-1,1,6,6010,6084,20138,75,ATGGGGTACTTGATGAAAAAAGGACTGCTCACTTCCATACTACCATCGTTGGAATTAAGCCTGATGGGACAAAAT,MGYLMKKGLLTSILPSLELSLMGQN
-1,1,7,6094,6177,20138,84,ATGGCCGAGTTGATGGTCATATTCTTCATCAACTCACGGGAGAAAACGGTTTTGGCTATGACCCGCTTTTTTATGTCGATGAAT,MAELMVIFFINSREKTVLAMTRFFMSMN
-1,1,8,6688,6831,20138,144,ATGCTAAACTCGGGGGAACTTTTGCAATTATTGATGCGCAGCCTGAGCAGTTTATTGTTGATTATTATAACCGCGAGATGGAAGCTGTTCCTGAATTACATTGTGAATTCAGGCGTCAGAAATAAAGGAGTGTATTTTTGTGAT,MLNSGELLQLLMRSLSSLLLIIITARWKLFLNYIVNSGVRNKGVYFCD
-1,1,9,8521,8616,20138,96,ATGGTAATGTTACGGTTAGGAATAAAATTAAGTGTCCCATCGGAACTAGTAACTTGCGTAGTACGAATTCCAAGCGCGGTTACTGTTCCTTTGATT,MVMLRLGIKLSVPSELVTCVVRIPSAVTVPLI
-1,1,10,8665,8802,20138,138,ATGAAAAATCCAGTCACGATATCACTAACAAGGCTTTGCGCACCAAGCCCCAATGCTAAACTAAAAATTCCGGCTCCAGCAATCAGAGTGCCCACTGGAACGCCAATTTCTGATAATATAGCGTACAATAAGAAAAAA,MKNPVTISLTRLCAPSPNAKLKIPAPAIRVPTGTPISDNIAYNKKK
-1,1,11,8821,8892,20138,72,ATGTTTAAGACAAGGGTTTTTACCGTTGCCATTCGGTTGCTATTTTTTAGCACATTGTATTTTTTTGATTCT,MFKTRVFTVAIRLLFFSTLYFFDS
-1,1,12,8908,9087,20138,180,ATGATAACCCGTCCTACCCATAAAATCATTAAAAATAAGACAAACGTAACGATAATTAAAAGAAATTTACTTAAAAGCTGTTGTGAAATTTCGTGCCAGGATAAATCTGTAAAAGCTTTTTTTAATTGTTCCGTTTGTTTTGATGTAAATGAAGTGGCACCAGTGATCATAATAACCTCC,MITRPTHKIIKNKTNVTIIKRNLLKSCCEISCQDKSVKAFFNCSVCFDVNEVAPVIIITS
-1,1,13,9220,9657,20138,438,ATGACTTTTGGCCAGTTGGCAGGGTTAATTGCGGCAATCGCATTCCTAATATTAGTCATTTTTGCATGTATCCTGTTGAATCAATTGAGTAAGACAATGAAAGAAACAAATAAAAGTATTTCAACTTTAACGCGGGATGTTCATTATCTTAGCCAAGAAATGGAGGACGTGCTAAGTAACACGAATACATTGTTAGACGATATTAACCATAAATCAGAACAACTAGATCCGGCGGTTAAAGCAGTTGCAGATGTAAGTCAGAGTGTTTCAGAAGTGAATGCCTCACTTCAAGAAATGGTCGAGAAAGCCCGGCTGCACCGCGAGAAGCGACAATTTGACCGGAGTATTTTTAAGTTTGCAGGAAAGACGCTTGTTTTAGATGCTTTCAACAAATTTAGACAGCATCGGAAGCAAAAGAAAGGAATGACAAATAATGAG,MTFGQLAGLIAAIAFLILVIFACILLNQLSKTMKETNKSISTLTRDVHYLSQEMEDVLSNTNTLLDDINHKSEQLDPAVKAVADVSQSVSEVNASLQEMVEKARLHREKRQFDRSIFKFAGKTLVLDAFNKFRQHRKQKKGMTNNE
-1,1,14,10159,10320,20138,162,ATGCGAACTATGATTTTTGATTTAATCAAAAATTGTAGTTCGCATTTTTTGTTATTTACTAAAAAGGGGCTTAATTGGTTGATCATTTTACCCAATTTTGTTAAGTTCAATGCCATTAAGGTTAATCCGACATCATTTTCCACAGCCTGTTGGCCGCGTAAA,MRTMIFDLIKNCSSHFLLFTKKGLNWLIILPNFVKFNAIKVNPTSFSTACWPRK
-1,1,15,10972,11022,20138,51,ATGCACATAAAAGTTGCATCGTGGTCTGTTTTCGAAAAGCTATTTCGCCCT,MHIKVASWSVFEKLFRP
-1,1,16,11029,11082,20138,54,ATGTCCTCAACACATTCATATTTCTTAGCCCGTGGGATTAATTCTCCTCTCAGT,MSSTHSYFLARGINSPLS
-1,1,17,11161,11283,20138,123,ATGGCTTCGTTTAGATTAGCGACTTCTTTTTCCACTTCTTCAGCCATTAATTCCATACCATCGATAGATTCAATAATTTCTGGTTTCATCTCTTTGATGACTTGCTTTTCTACTAACTCATCA,MASFRLATSFSTSSAINSIPSIDSIISGFISLMTCFSTNSS
-1,1,18,11800,11880,20138,81,ATGAAAATCGCTCCTTTGTGTTTGTTTTTAGGGATAATTACATCATATCAGGAACGATTTCCTGTGTACATAAAAACCGGA,MKIAPLCLFLGIITSYQERFPVYIKTG
-1,1,19,12058,12102,20138,45,ATGCCTGGTTCAATAGAGAAGCACATGCCAGGTTCAAGAACTAGC,MPGSIEKHMPGSRTS
-1,1,20,12115,12165,20138,51,ATGATTGATGGAAATTCGTGTTCACTGCTGCCCATTCCGTGCCCAAGCCGG,MIDGNSCSLLPIPCPSR
-1,1,21,12199,12258,20138,60,ATGATATCACGAGCGATCTTATCTAATTCTTCAGCAGTCATTCCCGGCTTCGCAGCATTT,MISRAILSNSSAVIPGFAAF
-1,1,22,12295,12354,20138,60,ATGTCTTTTTGTTTGTCATTTAACTTTCCTACAGCCACTGTTCGGGAAGCATCACTAATA,MSFCLSFNFPTATVREASLI
-1,1,23,13207,14214,20138,1008,ATGGAAAAACAATCAGTAACAATTTATACGGTTGCCCGAGAAGCTCGTGTCTCAATGGCCACTGTTTCACGGGTAGTAAATGGCAATCCAAATGTAAAGCCAGAAACTAGACAAAAAGTTTTAGATGTAATTAAGCAGCTTAATTATCGTCCTAATGCAGTTGCACGGGGATTAGCTTCTAAAAAGACAACGACTGTCGGGGTAGTTATTCCTAATATAACTGATCCATACTTTGCGGAATTAGCATTGGGGATTGATGATGTTGCTTCAATGTATAAGTACAATATCATTTTAACTAATTCTGATTCTGATGATGAAAAGATTCTAAAAGTGGTGCGGAACTTGCTTGCTAAACAGGTTGATGGACTTATTTTTATGGGTCATGATGTTTCTGATGATCTGCGAAATGAATTTGAAAGCACAAATACACCAGTTGTAGTAGCTGGTTCTGTTGTTAATGATGATACTTTACCAAGCGTTCGGATTAACTACCAAGCAGCTGCCAAGGAAGCAACAGAATTTCTACTAAAGCATGGTGATCAACAAGTCGCCTATATTACTGGTCCATTACGATACTCAATTAATGGTAAAGACCGACTCAATGGATATAAAGAAGCATTGGCAAATAATAATGTGGCATTTAATGATTCATTAGTAATTGAAACAAACGGGTCTTATCAAGCAGGATATGCAAAGGCACAAGAAGTTATCGAAAAGGGCTTAAAGGCTGCTTATGTAACAGATGATAGTTTAGCTGCGGGGCTCTTGAACGGGCTTACAGATGCTGGTATTAGCGTTCCAGCTGAGTTTGAACTAATTTCTTCCAATGACACTAATTATACAAAGGTTGTCCGGCCGACAATTACTTCAATCACTCAACCCCTTTATGATCTTGGAGCCATTTCAATGCGGTTATTGACAAAATTAATGGATGGCGATGACAGCAATGATGATGAAAAGAATGTTATTTTAGATCATGGCTTTATTGAACGCCAATCAACTCGTAAA,MEKQSVTIYTVAREARVSMATVSRVVNGNPNVKPETRQKVLDVIKQLNYRPNAVARGLASKKTTTVGVVIPNITDPYFAELALGIDDVASMYKYNIILTNSDSDDEKILKVVRNLLAKQVDGLIFMGHDVSDDLRNEFESTNTPVVVAGSVVNDDTLPSVRINYQAAAKEATEFLLKHGDQQVAYITGPLRYSINGKDRLNGYKEALANNNVAFNDSLVIETNGSYQAGYAKAQEVIEKGLKAAYVTDDSLAAGLLNGLTDAGISVPAEFELISSNDTNYTKVVRPTITSITQPLYDLGAISMRLLTKLMDGDDSNDDEKNVILDHGFIERQSTRK
-1,1,24,14326,14370,20138,45,ATGGGGTGTAATCTGTGTGACTTTACTCGGGCTAACATTACTAAT,MGCNLCDFTRANITN
-1,1,25,15151,15894,20138,744,ATGTCAGGACATTCAAAATGGCATAACATTCAGGGACGTAAAAACGCCCAAGATGCTAAGCGTGGTAAGATTTTCCAAAAGATTTCACGTGACTTGTACCAAGCAGCTAAAGCAGGTGATCCTGATCCAGCGAACAACGCTCAATTACGGCTTGTAATCGATAAGGCACACGCGGCCAACATGCCTAAGAAAAACATTGACCGTGCTATTGCTAAAGCTTCAGGTATTGGTGGAGCTAAGTTCGAAGAAGTTACTTATGAAGGTTATGGACCAGGTGGGGTAGCAGTAATGGTTTCTGCTCTTACTGATAACAAGAACCGGACTGCATCTGCTGTTCGTTCAGCATTTAGTCACTCTGGCGGTTCATTAGGTGCTAGCGGATCAGTTTCATACATGTTCGACCGTAAAGGATTAATCGAAATTCTTCGTGATGGTCTTGATAAGAGCGAAGATGATATGTTAATGGATGCTTTGGATGCTGGAGCTGAAGATATGAAGGCAACTGAAGAAAAGTTCCAAATCTTCACTGATCCAAGTAGCATGACTGATGTTCGTGATGCTCTTCAAGGACAAGGCTACGAATTAGATACTGCTGAAGTTACCATGATCCCTCAAAACCGGACCGAGGTACCTGCAGATAAGGCAAAGCAATACCGTCATTTGATTGATGAATTAACAGAAAACGATGATGTTGCTGATATTTACGAAACTGGTATTTTACCAGACGAAGATGACGATGAAGAA,MSGHSKWHNIQGRKNAQDAKRGKIFQKISRDLYQAAKAGDPDPANNAQLRLVIDKAHAANMPKKNIDRAIAKASGIGGAKFEEVTYEGYGPGGVAVMVSALTDNKNRTASAVRSAFSHSGGSLGASGSVSYMFDRKGLIEILRDGLDKSEDDMLMDALDAGAEDMKATEEKFQIFTDPSSMTDVRDALQGQGYELDTAEVTMIPQNRTEVPADKAKQYRHLIDELTENDDVADIYETGILPDEDDDEE
-1,1,26,16252,16314,20138,63,ATGGTCACCAAAAGATCAATTTACGTTTATCAAGTGTTGGTGATTATCAAGGGAGGGAATCAC,MVTKRSIYVYQVLVIIKGGNH
-1,1,27,16618,16680,20138,63,ATGTGTTTATCATTGGAGAAATCCGTGATTCACAGACAGCGGCGATGTCAGTCCAAGCCGCAT,MCLSLEKSVIHRQRRCQSKPH
-1,1,28,16885,17979,20138,1095,ATGGCACCAAGAAAGGAGGAATGTCTGATGAATGGTCAAAAGCTCTTCAGCAGGCTGCGGAAAATGGAAAAATTACGGAGAATACTGCACGTCAATACCAACAAGGTTAAATTCAATCATCAGCAACAAGCAAATTTTTTCCTTTTATTAGCAGATTTGTTAAGTGTTGGTTTTTCTATCAGAGAAGCACTTGGTTTTATCAAGGCTGTCGAACCGAAGCTAGCTCCTTGGCTTGCTTTTATAGACAGCCGAATGCAAAAGGGAGCAAGTTTTGCCCAGAGCCTGCAGCCAGAAGTAAAAGACGATTTATTTTATCAATTACTATTAGCAGAAAAGCATGGTAATTTAACAAAAACATTGAGTGAAGTAGGAAAGATACTTACAGCACGAGAACGGCAACGAAAAAAATTGTTTAGTCTCCTGCAATATCCGCTAATTCTTTTAGGAATGTTAGGAATGGTGATCTGTGGATTAATTTTGTTTGTTTTTCCAGAATTGAAGGTCTGGCAAGGCGAGAGGCAAACTTTGCCGCTGATTCACATGATTACGTTAGGAGCAACTTATCTTTTTACCGTTATCTTTATTAGCGCCGTATTTCAGTGGCTAAGATGGCATCAAATGAATAAGGAACAACGGCTAATTAAGATCTGTACAATGCCAATAATCGGTAAATGTTATTGTTATTATTTTCAATATTATTTAACTAGTATATTAGGATCAATGTTGCAACAAGGATTATCGTTGGCTGAAATTTGTGAGATTACCCAGAGCTTTGATAGAAAATCAGTTCTTTATATTTTTGGTAACAAAATAATGACTACTATTCAACGTGATGGAGATATTTCAGAAGTGGTGGCTACCTACTCTTTTCTCCCTAATGAATTAATCGTTTTTATGAATAAGGGGGCGACCAGGGAAAATATGGGACGGGATTTAATTGTTTTCGCAAATTTAAAATTTAAGGCCCTCACAACTGCAATTGAACATTTATTGATTTTTGTTCAACCAGTTATCTTTGGCATTATTGCAATCATAATTGTTATTTTATATCTTAGTATCCTATTGCCAATTTATCATTCATTCCAAGGAGTTTAT,MAPRKEECLMNGQKLFSRLRKMEKLRRILHVNTNKVKFNHQQQANFFLLLADLLSVGFSIREALGFIKAVEPKLAPWLAFIDSRMQKGASFAQSLQPEVKDDLFYQLLLAEKHGNLTKTLSEVGKILTARERQRKKLFSLLQYPLILLGMLGMVICGLILFVFPELKVWQGERQTLPLIHMITLGATYLFTVIFISAVFQWLRWHQMNKEQRLIKICTMPIIGKCYCYYFQYYLTSILGSMLQQGLSLAEICEITQSFDRKSVLYIFGNKIMTTIQRDGDISEVVATYSFLPNELIVFMNKGATRENMGRDLIVFANLKFKALTTAIEHLLIFVQPVIFGIIAIIIVILYLSILLPIYHSFQGVY
-1,2,1,5,1807,20138,1803,ATGCGGAATGACCGCTATGTAATTCCAGTAATCGCTCGCTACCGAAATAAATTTGGTGGAGTTGTTCATGACCAAAGTGCTAGTGGACAAACATTATATATCGAACCTGCAGCCGTTGTAGAAACCAATAATCGGTTACGACAAGCACAAATAGAAGAACGGCAAGAAATGCAACGGGTGTTAATTGAATTATCACAAATGATTGCTCCTTACCGGCATGATATTGGCCAGAATGAAGCAATTCTTGGACACCTTGACTTTATTAATGCCAAGGCACGCTGGGCACATGATACTAAGGCAACGCTACCGCTCTTAAGCAAAGAAAATCATGTTTCATTACGGAAAGCTCGCCATCCCTTGATTGATCCCCGGCGAGTAGTGACAAATGACATTAAGATTGGGGAAGATTACCAAGCGATTATTATTACCGGACCCAACACTGGTGGTAAAACCATTACGCTTAAAACTTTGGGAATTATCCAGTTAATGGGACAATCTGGTTTGTTTATTCCGGCAGAAGAAGGCAGTACAATTGGGATCTTTGATAATGTATTTGCGGATATCGGTGATGAACAATCATTGGAACAAAATCTGAGTACTTTCTCTGGTCATATGGATGGAGTAAAAGCCATTCTTGAACAAATTACAAGTCGTAGCTTAGTCCTTTTAGATGAGCTTGGTGCTGGGACTGATCCCAAAGAAGGGGCTGCTTTAGCAATGGCAATTCTTGATAATATTGGCAGTAAAGGAACCATGGTTGTAATTACTACCCACTATCCTGAACTCAAAGTTTATGGCTATGATCGTGCTAAGACGATTAATGCTAGTGTGGAATTTGACCAAGAAACTCTTAAGCCGACGTATAAATTACTACTAGGGATTCCTGGGCGGTCGAATGGATTAGAGATTGCGCAGCGATTAGGAATTAATCCCCAGGTTATTGATGAAGCACGGACATTTGTTAGTGATGATAGTCAAGACCTTAACAATATGATTGGTGATTTAGTAGAGCAGCGGAAAAAAGCACGTGAAGAAAGTGAAAGGCTAGCAAAACTAGTAGCCAAAAACGAAAAAGTTCAGCGTGACCTTGATGAGAAACTCACCCGCTTTAATGAACAGCGTGATAAGTTATATGAACAAGCACGCTCGAAGGCTAATCATCAAGTTTCGATGGCGAAGAAAAAGGCTGACCGGATTATTCATCATTTGCGCCAGTTAGAAGTACAACAGGGTGGAAATATAAAAGAAAATGAATTAATTGATGCACAAGGGCAATTAAATGCTCTTCATCGTGATAATCCACGGTTGCAACACAACTCAGTATTACAACGGGCTAAGCAAAAGCATGATTTGCATAAAGGTGATGCAGTCTTGGTAAAATCTTATGGTCAATATGGAGAACTTTTATCTAAGCGGGGAAACCACAAGTGGGAAGTTCAGATTGGGATTCTTAAAATGGAAATTGATGAGAATAATCTTGAAAAAGTAGCTAAGAAAGATCTCCCACGAGAAAAAGATGCAAAGCGGCGACCACGAGCTGCTGTGAGAACGACACAAACAAGAAAGACCTCGGCCCGTCTTGATTTGCGCGGTCATCGCTATGAACAAGCAATGAGTGAGCTAAGTAACTTTATTGATCATGCGTTGTTGAATAATCTTTCAACAGTAACAATTATTCACGGAAAAGGAACCGGTGCTCTTCGTAAGGGAACGCAACAATATCTGCAAAGCAATCCACGGGTTAAATCATTCTCCTATGCTTCCCCTAATGCTGGTGGGGATGGAGCAACAATTGTTAATCTA,MRNDRYVIPVIARYRNKFGGVVHDQSASGQTLYIEPAAVVETNNRLRQAQIEERQEMQRVLIELSQMIAPYRHDIGQNEAILGHLDFINAKARWAHDTKATLPLLSKENHVSLRKARHPLIDPRRVVTNDIKIGEDYQAIIITGPNTGGKTITLKTLGIIQLMGQSGLFIPAEEGSTIGIFDNVFADIGDEQSLEQNLSTFSGHMDGVKAILEQITSRSLVLLDELGAGTDPKEGAALAMAILDNIGSKGTMVVITTHYPELKVYGYDRAKTINASVEFDQETLKPTYKLLLGIPGRSNGLEIAQRLGINPQVIDEARTFVSDDSQDLNNMIGDLVEQRKKAREESERLAKLVAKNEKVQRDLDEKLTRFNEQRDKLYEQARSKANHQVSMAKKKADRIIHHLRQLEVQQGGNIKENELIDAQGQLNALHRDNPRLQHNSVLQRAKQKHDLHKGDAVLVKSYGQYGELLSKRGNHKWEVQIGILKMEIDENNLEKVAKKDLPREKDAKRRPRAAVRTTQTRKTSARLDLRGHRYEQAMSELSNFIDHALLNNLSTVTIIHGKGTGALRKGTQQYLQSNPRVKSFSYASPNAGGDGATIVNL
-1,2,2,1901,2212,20138,312,ATGGCTGTAAACGTAACTACAGATCAAACCTTTGAACAAGATACTGCAACTGGTGTCGATTTAATTGATTTTTGGGCAACTTGGTGTGGTCCCTGTCGGATGCAATCACCAGTAGTTGATGCACTATCTGATAAGATGCCCGATATTAAATTTTTTAAGATGGATGTTGACCAAAATCCAGAAACTGCACAAAAATTCCGGATTATGAGTATCCCTACATTAATGGTTAAGAAAGATGGCAAGGTAGTAGACCAAATCATTGGTTACCATAGTGAAGATCAATTAAAGCAAATTTTACAACAATATGTTGAT,MAVNVTTDQTFEQDTATGVDLIDFWATWCGPCRMQSPVVDALSDKMPDIKFFKMDVDQNPETAQKFRIMSIPTLMVKKDGKVVDQIIGYHSEDQLKQILQQYVD
-1,2,3,2303,2374,20138,72,ATGGGCCGTAGTAGTCGGAACCATGAGCTGAGGACAAGGGTGTCCACTGTGAGGTGGAATCTGAAGGAAGTC,MGRSSRNHELRTRVSTVRWNLKEV
-1,2,4,3356,3430,20138,75,ATGGGCTTTTCGCTAAGAGTGAAAAAGGAACCCCACAAGGAGGGCCATTGTCACCACTACTGGCGAACATCTATC,MGFSLRVKKEPHKEGHCHHYWRTSI
-1,2,5,3482,3532,20138,51,ATGCGGATGATTGTAACATTTATGTTAAAAGTCAACGAGCCGGAGAACGAG,MRMIVTFMLKVNEPENE
-1,2,6,3941,4000,20138,60,ATGCATATGTCTTCGCTAGTACCCGCAAGGGCTACTGGCGAACTGCACACAGTAAGACCT,MHMSSLVPARATGELHTVRP
-1,2,7,4271,4324,20138,54,ATGAATGTTACCATCTCAGATCGTTCATTATCAGCTGAACTTTGTGGATCATTT,MNVTISDRSLSAELCGSF
-1,2,8,4649,4693,20138,45,ATGGCTGGTAAAATCACGTCGCGCATTGTTCCAGCCCCTAGTCCT,MAGKITSRIVPAPSP
-1,2,9,4889,5689,20138,801,ATGGATAAACGACCAATCGGGGTTATGGATTCAGGACTAGGCGGCCTATCTGTAACCCGTGTACTTCGTGAACAAATGCCCCGCGAATCTGTAATTTTTGTGGGTGACCAAGGGCATTTTCCATATGGAACTAAGACAAAAGAACAGATCCAGCAATTAGCATTACGCATTGGAAAATTCTTGTTAAAACAAGATGTAAAAATGATGATAATTGCATGTAATACCGCAACTGCAGCAGCTCTTCAACTCCTTCAAAATGAATTACCAATTCCAGTAATTGGGGTAATTGAACCAGGAGCCATGGCTGCTACCCAACATCATTATAAAAAAATTGGGGTAATTGGCACCGAATCCACTATTAAAAATGGCGCCTATGCTAAAACGTTAGCTAAACTCAATCCTGCTTTAAAAGTTATCAGTTCTTCCGCCCAACCACTGGTCCCAATTGTTGAACATGGGCAAACAGGGACAGCTGAAGCACAAAAAGCTGTTGATGCTGAATTAAAAGTATTTGATAATCAATCGATTGAAGCTTTGATCCTTGGATGCACTCATTTTCCGTTTTTACAAAAAGAAATTCATAATAAATTAGGATCTAATGTTCAGTTAATTGATCCTGCATTCGAGACAATCAGACAGACAAAGGAATTATTAACTAGTGAAAATCAATTGAGTGATAATTTAGCATCAAGTATCGACCTTTATTCAACGGGAGATATTAAAGACTTAGTTGCTGGTGCACAACAATGGTTACCGAATGGCTACAGCAAGTGTGCACATATTCAATTAAACGAGGAAGGT,MDKRPIGVMDSGLGGLSVTRVLREQMPRESVIFVGDQGHFPYGTKTKEQIQQLALRIGKFLLKQDVKMMIIACNTATAAALQLLQNELPIPVIGVIEPGAMAATQHHYKKIGVIGTESTIKNGAYAKTLAKLNPALKVISSSAQPLVPIVEHGQTGTAEAQKAVDAELKVFDNQSIEALILGCTHFPFLQKEIHNKLGSNVQLIDPAFETIRQTKELLTSENQLSDNLASSIDLYSTGDIKDLVAGAQQWLPNGYSKCAHIQLNEEG
-1,2,10,6878,7267,20138,390,ATGATCCCTGCCAGTTTAGTTGCAACAGTAAATCAAAGCAACAGTTTAGATCATGCATTTTTAGTCCTTAATAAGGATCGGTACGCTAAAATTATTGTGATTGATAATAAAAACCGTTACTGTGGTCAAGTTTCTTTGGCGATGATTACTGACCGATTATTGGAGACAAAACGGATCAATGTGGAGCGCTTAAATGAATTAAAGGTCAGGGATGTGATGCAAACCGATGCGCCAGTTATCCAAGATCCAACTGATATCGAAGAAAATTTACACCTCTTAATTGATCAGTCATTTTTACCGGTGGTGGACGATCATAATTACTTTTGCGGAATTGTGACGCGTCGTGAAGTATTAAAGGCAGTCAATTATACAATGCATACTTTTGGAAAA,MIPASLVATVNQSNSLDHAFLVLNKDRYAKIIVIDNKNRYCGQVSLAMITDRLLETKRINVERLNELKVRDVMQTDAPVIQDPTDIEENLHLLIDQSFLPVVDDHNYFCGIVTRREVLKAVNYTMHTFGK
-1,2,11,7424,7513,20138,90,ATGATTATTATCAATTGTGGTGGTGTGGGCAGCTTGCATTTGAATAATTGGTTGTGCATTCTGCATTGCGTAGCTTTGACTCGTCATCGC,MIIINCGGVGSLHLNNWLCILHCVALTRHR
-1,2,12,7718,7888,20138,171,ATGGTTAGCAAAATTAATCGATATCTTGGTAAAATTTTCAGTTGGTCGTTGAGTGAAAATCTGCCGGATATCAGGAATACGCTCCACATTTTCATAAAAAAGTTTCACAATATTGAAATCATGAGCACTCATCCCCTGATCGACATAAGATTTTTCACTAGTAGAGATTAC,MVSKINRYLGKIFSWSLSENLPDIRNTLHIFIKKFHNIEIMSTHPLIDIRFFTSRDY
-1,2,13,9497,9595,20138,99,ATGCCTCACTTCAAGAAATGGTCGAGAAAGCCCGGCTGCACCGCGAGAAGCGACAATTTGACCGGAGTATTTTTAAGTTTGCAGGAAAGACGCTTGTTT,MPHFKKWSRKPGCTARSDNLTGVFLSLQERRLF
-1,2,14,9599,9643,20138,45,ATGCTTTCAACAAATTTAGACAGCATCGGAAGCAAAAGAAAGGAA,MLSTNLDSIGSKRKE
-1,2,15,9653,10108,20138,456,ATGAGTAAAAAGTTACTTGCTGGGATATTATTAGGTGGAGCTGCAACATATGCCGCATGGAAGAAAATGGCACCAGCTAAAAAAGAAGCATTGAAAGAAATCGTTGATGAAAAGATTAATAAAGTTGCTGATTATGTGACTGATTACACCTTAGACGCATTAGATATTGTTGATGATCTTATGAGTGATTCTAACTTGAACGATAAGGTGAGCGGCGCTGCGGATGCTGTTAATAATGTTAAGGGTAAGGTAAAAGATAGCGCCAATAAAGTAGTTAATCATATGACTAATGATGACTTTGATAAGCAAACTGCTGATATTCGTGAGGAATTAGCGAAGAATAAAGAAGCAGATGAAGATAATAACGATATTATTATCGATGCTACTAGTGATCAAAAGCCAGCGTCTACTGAAGACGATGAAGCAGATCAAGCTGATGCTAAGACAGCCAATAAA,MSKKLLAGILLGGAATYAAWKKMAPAKKEALKEIVDEKINKVADYVTDYTLDALDIVDDLMSDSNLNDKVSGAADAVNNVKGKVKDSANKVVNHMTNDDFDKQTADIREELAKNKEADEDNNDIIIDATSDQKPASTEDDEADQADAKTANK
-1,2,16,10268,10462,20138,195,ATGCCATTAAGGTTAATCCGACATCATTTTCCACAGCCTGTTGGCCGCGTAAATGAGTTCGGCGTACGCCAAAATCCCTCTTCATACGACCGAAAACTGGTTCTACGTCGAACTTACGTCGACGATAGATCGACTTACCTTCATCGCTTGAGAGGGTCTCTTTTACTTTTGCTTTGTAATAATTCCAAGTTGGAT,MPLRLIRHHFPQPVGRVNEFGVRQNPSSYDRKLVLRRTYVDDRSTYLHRLRGSLLLLLCNNSKLD
-1,2,17,11516,11656,20138,141,ATGAATGATCACGAGCTAACCATCGCATTGGTAAGTTTTCTTCTAGTAAAGTTTCTATTTTCCGGCCAGAATAAGTTTGACGAGAGTATGCAAACAACAGAATTTTTAACATCACTGCAGGGTGAGAGAGTGGACGGCCAG,MNDHELTIALVSFLLVKFLFSGQNKFDESMQTTEFLTSLQGERVDGQ
-1,2,18,11708,11782,20138,75,ATGCATCAATTAACCGAACCAGATGATTTTTTGGCACATTGTAGTCATAATTTAGTACGAATTCTGTTTGTCCCG,MHQLTEPDDFLAHCSHNLVRILFVP
-1,2,19,12122,12169,20138,48,ATGGAAATTCGTGTTCACTGCTGCCCATTCCGTGCCCAAGCCGGTGAA,MEIRVHCCPFRAQAGE
-1,2,20,12890,12964,20138,75,ATGGCTCACTATCGGCAAAAAGGGCTAGTGCTAATACCCGTTCTACTGGATCACTGTAGAAACCAGTTAGGTAAT,MAHYRQKGLVLIPVLLDHCRNQLGN
-1,2,21,13169,13222,20138,54,ATGAAAACAGATTATACCAATAAAGAAAGGGCTATCTTATGGAAAAACAATCAG,MKTDYTNKERAILWKNNQ
-1,2,22,13568,13642,20138,75,ATGGACTTATTTTTATGGGTCATGATGTTTCTGATGATCTGCGAAATGAATTTGAAAGCACAAATACACCAGTTG,MDLFLWVMMFLMICEMNLKAQIHQL
-1,2,23,13664,13732,20138,69,ATGATGATACTTTACCAAGCGTTCGGATTAACTACCAAGCAGCTGCCAAGGAAGCAACAGAATTTCTAC,MMILYQAFGLTTKQLPRKQQNFY
-1,2,24,13739,13858,20138,120,ATGGTGATCAACAAGTCGCCTATATTACTGGTCCATTACGATACTCAATTAATGGTAAAGACCGACTCAATGGATATAAAGAAGCATTGGCAAATAATAATGTGGCATTTAATGATTCAT,MVINKSPILLVHYDTQLMVKTDSMDIKKHWQIIMWHLMIH
-1,2,25,14033,14122,20138,90,ATGACACTAATTATACAAAGGTTGTCCGGCCGACAATTACTTCAATCACTCAACCCCTTTATGATCTTGGAGCCATTTCAATGCGGTTAT,MTLIIQRLSGRQLLQSLNPFMILEPFQCGY
-1,2,26,14438,15073,20138,636,ATGTTAAGTCAGGTTAACAGCAGTCTAACTCAGTACGGGATTTCAACTTCTGTCTTAAAGAAAAGTGATACTGACAAGCTAATTAATCAGGCAATTGATCAGGTATATGCAGGTGAAAAAATTAATCTTGACCTATCATCTATAGTTAATAATGTGGGCACATCTGTTAATTCCCAATTAGCTCAATATGGTTTGTCGACGTCCATGTTACCAGCAGGCAGTTCTTCAGCAATTACTGGTAACATTAATTCGGTGGTTAACAGTCAGTTAAATACTCCCGAAGTTGCACAGTTAATTAATGGGATTAAAATTGCTAAAACGGTTATTAATATTATTTTAGTGATTTCAATTATCAGCCTCGTTCTATTGATTTTTAAGGGGTTATGGCAGCATCACTTAATTGGTAGTTTTAGGTGGATTTGTCTGTGGGGAACTGTTTTATATACAGGAATCGTTATGACTAGTCATGCGATTGCTCTTCAAATGGGTTCAGGACAACCAGACATAAGTCCCTTTATTTCCCAGGTTGCCAATGATTTTCAGCAGACTGGATTTCATGGTTCAATGATGCTGATTGTTATTAGTATTGTGTTATTTATTCTGCAATTTGTAAAACGAAAATGGCAACCTCACCAA,MLSQVNSSLTQYGISTSVLKKSDTDKLINQAIDQVYAGEKINLDLSSIVNNVGTSVNSQLAQYGLSTSMLPAGSSSAITGNINSVVNSQLNTPEVAQLINGIKIAKTVINIILVISIISLVLLIFKGLWQHHLIGSFRWICLWGTVLYTGIVMTSHAIALQMGSGQPDISPFISQVANDFQQTGFHGSMMLIVISIVLFILQFVKRKWQPHQ
-1,2,27,15203,15304,20138,102,ATGCTAAGCGTGGTAAGATTTTCCAAAAGATTTCACGTGACTTGTACCAAGCAGCTAAAGCAGGTGATCCTGATCCAGCGAACAACGCTCAATTACGGCTTG,MLSVVRFSKRFHVTCTKQLKQVILIQRTTLNYGL
-1,2,28,15836,15994,20138,159,ATGATGTTGCTGATATTTACGAAACTGGTATTTTACCAGACGAAGATGACGATGAAGAATAATTCAATCATTGTTATTAAGAGGTTAAAAAGCAAAACGCTTTTTAACCTCTTTTTTAGTTTTAAATTTTTTAGTGCATTTTTAGAATTTATCCGTATT,MMLLIFTKLVFYQTKMTMKNNSIIVIKRLKSKTLFNLFFSFKFFSAFLEFIRI
-1,2,29,16916,17032,20138,117,ATGGTCAAAAGCTCTTCAGCAGGCTGCGGAAAATGGAAAAATTACGGAGAATACTGCACGTCAATACCAACAAGGTTAAATTCAATCATCAGCAACAAGCAAATTTTTTCCTTTTAT,MVKSSSAGCGKWKNYGEYCTSIPTRLNSIISNKQIFSFY
-1,2,30,17717,17767,20138,51,ATGGAGATATTTCAGAAGTGGTGGCTACCTACTCTTTTCTCCCTAATGAAT,MEIFQKWWLPTLFSLMN
-1,2,31,18290,18721,20138,432,ATGAATCTTAAAGAAGAAGGGTTTACGTTTCTTGAAACCATCATTGTTTTAGGGATAGCGGCCCTCCTTTTACTAATTACAATTCCAAATTTTACAAAAACGCGTCAAAAAATGGCTGAAGAACAATTTTGGCAATCATTGCGTCAAGATTGGCAGTGGGCGCAATTAAAGTGTGAGAATAAACATCAATTTGTTGTAATTCGCCACGACAAAAATAACGAAATGATTACTTTTCGCATAAATGATCAAACAAGAGAAACAAAAGAAATTCTTATTCCCTCGACACTGAATGTTGAGTGGTTTGGTGAACTTTATTTTACGCCAAATGGCTATACGCGTCCCTGTACCCAGCGTTTTAAATCATTAATCGATGGCCGCTATTACTACATGAAGATTCAATTAGGATGGGGAGGATACCGAATTGAGAAACGC,MNLKEEGFTFLETIIVLGIAALLLLITIPNFTKTRQKMAEEQFWQSLRQDWQWAQLKCENKHQFVVIRHDKNNEMITFRINDQTRETKEILIPSTLNVEWFGELYFTPNGYTRPCTQRFKSLIDGRYYYMKIQLGWGGYRIEKR
-1,2,32,18998,19426,20138,429,ATGAAGAAGGGGGCCTTTACTTTAATAGAAGCGACTTGCGCATTAATTATTTCTTCATTAGTGATTATCAATATAAGCTTAGTTACTACTAGCATGAGACAAGTAGGTAAAATGAATTTAGAATCAACGATCACTTGGCATTTGTTTTTACGGGAATTAGAATCGGTCAATCATCGTTTTGAATTAATGGAGGCCCGTGATGATGGGTTATTGCTGTACAGTCAGACAACTGATCAAAAGTATGAATTAAGAGAAAACCATGCTCTATACCTAACGTGTCAGAATAAAGGTGGTTATATGCCATTGTTAGATAACATTAAGAATCATGAATACTCGTTTACACAACTTGATTCTCAACGAGTATTGATTAAAGTGACAAGGAAGGATGGAGAGAAAGCAAGTGCAATTGTTAAGTTTTATCCGCCAAAG,MKKGAFTLIEATCALIISSLVIINISLVTTSMRQVGKMNLESTITWHLFLRELESVNHRFELMEARDDGLLLYSQTTDQKYELRENHALYLTCQNKGGYMPLLDNIKNHEYSFTQLDSQRVLIKVTRKDGEKASAIVKFYPPK
-1,3,1,72,122,20138,51,ATGACCAAAGTGCTAGTGGACAAACATTATATATCGAACCTGCAGCCGTTG,MTKVLVDKHYISNLQPL
-1,3,2,222,317,20138,96,ATGATATTGGCCAGAATGAAGCAATTCTTGGACACCTTGACTTTATTAATGCCAAGGCACGCTGGGCACATGATACTAAGGCAACGCTACCGCTCT,MILARMKQFLDTLTLLMPRHAGHMILRQRYRS
-1,3,3,390,488,20138,99,ATGACATTAAGATTGGGGAAGATTACCAAGCGATTATTATTACCGGACCCAACACTGGTGGTAAAACCATTACGCTTAAAACTTTGGGAATTATCCAGT,MTLRLGKITKRLLLPDPTLVVKPLRLKLWELSS
-1,3,4,552,596,20138,45,ATGTATTTGCGGATATCGGTGATGAACAATCATTGGAACAAAATC,MYLRISVMNNHWNKI
-1,3,5,798,878,20138,81,ATGGCTATGATCGTGCTAAGACGATTAATGCTAGTGTGGAATTTGACCAAGAAACTCTTAAGCCGACGTATAAATTACTAC,MAMIVLRRLMLVWNLTKKLLSRRINYY
-1,3,6,948,995,20138,48,ATGAAGCACGGACATTTGTTAGTGATGATAGTCAAGACCTTAACAATA,MKHGHLLVMIVKTLTI
-1,3,7,1095,1220,20138,126,ATGAGAAACTCACCCGCTTTAATGAACAGCGTGATAAGTTATATGAACAAGCACGCTCGAAGGCTAATCATCAAGTTTCGATGGCGAAGAAAAAGGCTGACCGGATTATTCATCATTTGCGCCAGT,MRNSPALMNSVISYMNKHARRLIIKFRWRRKRLTGLFIICAS
-1,3,8,1284,1379,20138,96,ATGCTCTTCATCGTGATAATCCACGGTTGCAACACAACTCAGTATTACAACGGGCTAAGCAAAAGCATGATTTGCATAAAGGTGATGCAGTCTTGG,MLFIVIIHGCNTTQYYNGLSKSMICIKVMQSW
-1,3,9,1389,1490,20138,102,ATGGTCAATATGGAGAACTTTTATCTAAGCGGGGAAACCACAAGTGGGAAGTTCAGATTGGGATTCTTAAAATGGAAATTGATGAGAATAATCTTGAAAAAG,MVNMENFYLSGETTSGKFRLGFLKWKLMRIILKK
-1,3,10,1761,1820,20138,60,ATGCTTCCCCTAATGCTGGTGGGGATGGAGCAACAATTGTTAATCTATAATTACTTACTA,MLPLMLVGMEQQLLIYNYLL
-1,3,11,2019,2105,20138,87,ATGCACTATCTGATAAGATGCCCGATATTAAATTTTTTAAGATGGATGTTGACCAAAATCCAGAAACTGCACAAAAATTCCGGATTA,MHYLIRCPILNFLRWMLTKIQKLHKNSGL
-1,3,12,2205,2279,20138,75,ATGTTGATTAGAAAAAAGCTGGAGAAAAACTTTTTGTTTTCTTCCAGCTTTTTCGTGTGCGCTCGGCATGGGTAT,MLIRKKLEKNFLFSSSFFVCARHGY
-1,3,13,2499,2561,20138,63,ATGGTACGAAAGTTAATATCCTTACCCGGGGAGATCTGGCCTACACGTTTCCGACAAGAGGAA,MVRKLISLPGEIWPTRFRQEE
-1,3,14,3843,3893,20138,51,ATGGTTGAGGACCCGAATAAGGCAGTATATCTGGAAGCAATGGAAGAAGTT,MVEDPNKAVYLEAMEEV
-1,3,15,4275,4550,20138,276,ATGTTACCATCTCAGATCGTTCATTATCAGCTGAACTTTGTGGATCATTTTGAATCAAAATATCAACATAATCACGGTGACGGTCAAAGATCTTTGCCTCTGCAACCGTTCCAAGTTGAAACTCTACTTCTTGAGCAAGAAAACCACACTCTAAACCAAAGGAGGTTTCCTCTTCGTCTCTTTGAATCCGTTCCTTTACAATTACCCCTGATAACCGCCACACTTGAGAAGTGTTGCTTTTTTTTCGTAAAGCTAAACGGCCAAAGCCAAGTTGAT,MLPSQIVHYQLNFVDHFESKYQHNHGDGQRSLPLQPFQVETLLLEQENHTLNQRRFPLRLFESVPLQLPLITATLEKCCFFFVKLNGQSQVD
-1,3,16,5343,5390,20138,48,ATGGGCAAACAGGGACAGCTGAAGCACAAAAAGCTGTTGATGCTGAAT,MGKQGQLKHKKLLMLN
-1,3,17,5694,6281,20138,588,ATGAAAACAATCGTAATTGCAACAAAGAATGCTGGGAAAGCACGTGAATACCAAGAGATGCTTGCTCCCCTAGGAATTGAAGTAAAAACATTAGCCGATTTTGCACCAATAGCAATTAATGAAAATGGTAAAACATTTGAAGAAAATGCAACAATTAAAGCCACTACAGCTGCTAATGAACTTCAATTACCTGTTATGGCGGATGATTCGGGATTAATGGTTGATGCCCTTGGCGGTGCTCCAGGAGTACGTTCAGCAAGGTATGCTGGTGATCATGACGATGCTGCTAATAATGCTAAACTCTTATCGGCATTAAATGGGGTACTTGATGAAAAAAGGACTGCTCACTTCCATACTACCATCGTTGGAATTAAGCCTGATGGGACAAAATTAGTTGCTAATGGCCGAGTTGATGGTCATATTCTTCATCAACTCACGGGAGAAAACGGTTTTGGCTATGACCCGCTTTTTTATGTCGATGAATTAGGCAAATCAATGGCCCAGTTAACAGCAGGCCAAAAGAATCAAATTAGTCATCGGGGACGAGCATTACGGTCATTTATGAAGCAATTTAATGATTGGTGGAAA,MKTIVIATKNAGKAREYQEMLAPLGIEVKTLADFAPIAINENGKTFEENATIKATTAANELQLPVMADDSGLMVDALGGAPGVRSARYAGDHDDAANNAKLLSALNGVLDEKRTAHFHTTIVGIKPDGTKLVANGRVDGHILHQLTGENGFGYDPLFYVDELGKSMAQLTAGQKNQISHRGRALRSFMKQFNDWWK
-1,3,18,6288,6809,20138,522,ATGAAGATATTAGTTGTAAGTGATAACCATCGAGAAGAAAAAATTTTGACAGAGATTGTTCAAAAAATGGGGAAGCAAGTTGACCTAATGATTCACTGTGGGGATTCAGAATTAGCTCCTGATCAGGAACCGATGAGCAATTTTAAGGCAGTGAAGGGGAATAATGATTATGGTTTGTCGTACCCTAATGAGTTGGTAATTAATGCTGGGCAAGAGCAGCTTTATCTAACTCATGGTCATTTACAGCGGGTCAATTTTTCTCTGACCCCTCTGATGCTTACCGGCCAAGAAAAAGGTGCCTCCATTGTGTGCTATGGGCATACTCATCAATTAGGAGCCGTTTACGATCATCAAATGCTAATAATTAATCCTGGGAGCATCAGTTTTCCTCGTGGTGAATATGCTAAACTCGGGGGAACTTTTGCAATTATTGATGCGCAGCCTGAGCAGTTTATTGTTGATTATTATAACCGCGAGATGGAAGCTGTTCCTGAATTACATTGTGAATTCAGGCGTCAGAAA,MKILVVSDNHREEKILTEIVQKMGKQVDLMIHCGDSELAPDQEPMSNFKAVKGNNDYGLSYPNELVINAGQEQLYLTHGHLQRVNFSLTPLMLTGQEKGASIVCYGHTHQLGAVYDHQMLIINPGSISFPRGEYAKLGGTFAIIDAQPEQFIVDYYNREMEAVPELHCEFRRQK
-1,3,19,7104,7154,20138,51,ATGCGCCAGTTATCCAAGATCCAACTGATATCGAAGAAAATTTACACCTCT,MRQLSKIQLISKKIYTS
-1,3,20,7359,7424,20138,66,ATGTTGGAGGCCTCTTTTTATCGTTCATTTTTAATTAATTGGTTAATAGTCTGCAAGACGCCATCA,MLEASFYRSFLINWLIVCKTPS
-1,3,21,8205,8252,20138,48,ATGCTCATTAGGTGCTCCCTCCCAGGCAATTGGAATATTATTTGTTCG,MLIRCSLPGNWNIICS
-1,3,22,10005,10112,20138,108,ATGAAGATAATAACGATATTATTATCGATGCTACTAGTGATCAAAAGCCAGCGTCTACTGAAGACGATGAAGCAGATCAAGCTGATGCTAAGACAGCCAATAAATAAG,MKIITILLSMLLVIKSQRLLKTMKQIKLMLRQPINK
-1,3,23,10320,10415,20138,96,ATGAGTTCGGCGTACGCCAAAATCCCTCTTCATACGACCGAAAACTGGTTCTACGTCGAACTTACGTCGACGATAGATCGACTTACCTTCATCGCT,MSSAYAKIPLHTTENWFYVELTSTIDRLTFIA
-1,3,24,10530,10619,20138,90,ATGTTTATCGGCACGGTAGAGTTTGAGATCACGCTTAAATCCATACTTATCTGTTCGCTTACTATAGCGATAAAAGCTAAATCGTACACC,MFIGTVEFEITLKSILICSLTIAIKAKSYT
-1,3,25,10908,11066,20138,159,ATGCGTGGCGATCTGAAGATTATATCCTGGTTTGAGTTCTCGGTTCATCATCGGATCTTCTTTCATGCACATAAAAGTTGCATCGTGGTCTGTTTTCGAAAAGCTATTTCGCCCTTGAAAAATGTCCTCAACACATTCATATTTCTTAGCCCGTGGGAT,MRGDLKIISWFEFSVHHRIFFHAHKSCIVVCFRKAISPLKNVLNTFIFLSPWD
-1,3,26,11418,11462,20138,45,ATGGTCCGTAAGAGCCATAGTAAAGTAAACAAAGGTGCGTTTTAT,MVRKSHSKVNKGAFY
-1,3,27,11880,11924,20138,45,ATGATGAATCTAAAAACGGTTCATCATCCGGTTTTTCTTTTAGAC,MMNLKTVHHPVFLLD
-1,3,28,11979,12098,20138,120,ATGCGTAAATGGTTCGCAACCATCTTCTGTAATATGAACACAGTCTTCAATCCGGACGCCGGCAAAACCTGGAATATAAATGCCTGGTTCAATAGAGAAGCACATGCCAGGTTCAAGAAC,MRKWFATIFCNMNTVFNPDAGKTWNINAWFNREAHARFKN
-1,3,29,14625,14705,20138,81,ATGGTTTGTCGACGTCCATGTTACCAGCAGGCAGTTCTTCAGCAATTACTGGTAACATTAATTCGGTGGTTAACAGTCAGT,MVCRRPCYQQAVLQQLLVTLIRWLTVS
-1,3,30,16017,16991,20138,975,ATGCTGAGTTTTGAAGAAGAATTAACAAGAATAATTCGCAAGCAACCGAGTGACCTATACATCTTACCTCATGATAGGTATTATCAATTATCCTTAGCGATAAAGGGGATCCTATTTCCTTTTAAACAGGTTACACGTGACTATGGTCAACGTTTTATCTCATACTTAAAATATTGCGCCAATATGGCAGTTAGTGAGCATCGACGACCCCAGCTAGGCGCTTTTAAATTTACTTATGGTCACCAAAAGATCAATTTACGTTTATCAAGTGTTGGTGATTATCAAGGGAGGGAATCACTAGTTATTCGCTTTATATATCCCCTTAATGATATTAGGTTTAATTTTTTAATTCCTCATCAGTGGGAAATATTACAGAAGTACCGTCAACAAAGAGGTTTGATTCTTTTTGCCGGGCCAATGGGGGCTGGTAAAACAACTATCATGTATCAGCTTGCTCGACAGCTATTGCCGAAACAAATTGTATTAACAATTGAGGATCCCGTAGAAATTGATCATCCGGGATTTATCCAATTGCAAGTAAATGAATTAGCGGGAATGGACTATGAAAGTTTATTAAAATTGGGATTACGGCATCGCCCAGATGTGTTTATCATTGGAGAAATCCGTGATTCACAGACAGCGGCGATGTCAGTCCAAGCCGCATTAAGTGGTCACTTAGTTTTGGGAACTATCCATGCTCGAAATGCTTATGGCGTTGTTTCTCGTCTTCAACAATTAGGGATAGATTCTTATTATCTTCAGCAAGTATTAACGGCGGTATCTTATCAGCGTTTAATTCCGTTGGTGAATGGAGAACAAGCCATCTTATGTGACCTGTTAAATCGGCATCAATTTAGTGATTTGCTCAATGGCACCAAGAAAGGAGGAATGTCTGATGAATGGTCAAAAGCTCTTCAGCAGGCTGCGGAAAATGGAAAAATTACGGAGAATACTGCACGTCAATACCAACAAGGT,MLSFEEELTRIIRKQPSDLYILPHDRYYQLSLAIKGILFPFKQVTRDYGQRFISYLKYCANMAVSEHRRPQLGAFKFTYGHQKINLRLSSVGDYQGRESLVIRFIYPLNDIRFNFLIPHQWEILQKYRQQRGLILFAGPMGAGKTTIMYQLARQLLPKQIVLTIEDPVEIDHPGFIQLQVNELAGMDYESLLKLGLRHRPDVFIIGEIRDSQTAAMSVQAALSGHLVLGTIHARNAYGVVSRLQQLGIDSYYLQQVLTAVSYQRLIPLVNGEQAILCDLLNRHQFSDLLNGTKKGGMSDEWSKALQQAAENGKITENTARQYQQG
-1,3,31,17982,18290,20138,309,ATGAAAATTTTAAAGAAAAAACAATCAGGCTTCACCTTGCTCGAAATGTCAATCGTCTTATTTATTATTAGCCTACTAGTATTGATCATGCTGCCCAATCTTTCTCAACAGCGAAAGCATGCTAATAGTATCCATGGAAAAGCGATGACATCTGTAATTCAGACCCAAATTGATGCATATGAAAATGAAAATGGAACTGATAATGTCAGTTTAGAGGAATTGAATAAAGCAAATTACCTGACTGATGCGCAAGTCCAGCAGGCCCATCATGAAAAAATTGTAATTGTTGATGGAAAGGCAATTCAGCGA,MKILKKKQSGFTLLEMSIVLFIISLLVLIMLPNLSQQRKHANSIHGKAMTSVIQTQIDAYENENGTDNVSLEELNKANYLTDAQVQQAHHEKIVIVDGKAIQR
-1,3,32,18531,18575,20138,45,ATGATCAAACAAGAGAAACAAAAGAAATTCTTATTCCCTCGACAC,MIKQEKQKKFLFPRH
-1,3,33,18579,18653,20138,75,ATGTTGAGTGGTTTGGTGAACTTTATTTTACGCCAAATGGCTATACGCGTCCCTGTACCCAGCGTTTTAAATCAT,MLSGLVNFILRQMAIRVPVPSVLNH
-1,3,34,18738,18998,20138,261,ATGATGGCAGATAGTTTAATTAGTTTACTTGTTGTAGCAATGGGGATAAATTTATTTTTTATTTGCGAAAAACAATTGTGGTTACAAAATAGAAATCTTCAGCTAAAAATGGCCGCAACGAGGTTAGGAAAAGAGGCTAGTGATTTATATGCGGTTAAAAAGCAACCAGTTATTTTAAGCCGTGGTGATTTAATCGCAAAAGCAACGGTCCAAAGGGTAGTTGTTTATAATAACGATCGATGCCTTTGTCGGGTTGAAAAA,MMADSLISLLVVAMGINLFFICEKQLWLQNRNLQLKMAATRLGKEASDLYAVKKQPVILSRGDLIAKATVQRVVVYNNDRCLCRVEK
-1,3,35,19197,19244,20138,48,ATGATGGGTTATTGCTGTACAGTCAGACAACTGATCAAAAGTATGAAT,MMGYCCTVRQLIKSMN
-1,3,36,19383,19586,20138,204,ATGGAGAGAAAGCAAGTGCAATTGTTAAGTTTTATCCGCCAAAGTAAAAAAGAGGGTTCTATTTTATTTATAAGTATTGCCATCCTACTTATAATTAGTTCAGTTTTATTGTTTCAATATCGATATTATCAAAATTATCAGGAAATGGGACGGGACCTTTGTTCAATTTATATTGATAAAATAAAAGATAATCTAAGAGGTCAA,MERKQVQLLSFIRQSKKEGSILFISIAILLIISSVLLFQYRYYQNYQEMGRDLCSIYIDKIKDNLRGQ
